{
  "topic": "Plant Photosynthesis Photosynthesis Fundamental (General)",
  "summary": {
    "brief": "Plant Photosynthesis \nPhotosynthesis is a fundamental process that allows plants to convert light energy, usually from the \nsun, into chemical energy stored in glucose (a type of sugar). This process occurs mainly in the \nchloroplasts of plant cells, specifically in the green pigment chlorophyll, which absorbs light. The main function of \nthese reactions is to capture light energy and convert it into chemical energy in the form of ATP \n(adenosine triphosphate) and NADPH (nicotinamide adenine dinucleotide phosphate), which are \nessential for the second stage of photosynthesis. Key steps involved: \n\u2022 \nAbsorption of light energy: \no \nLight energy is absorbed by chlorophyll and other pigments in the thylakoid \nmembranes. The products of the light-dependent reactions (ATP and NADPH) are essential for driving the second \nstage of photosynthesis. \u2022 \nCarbon Cycle Regulation: Photosynthesis plays a crucial role in regulating the levels of \ncarbon dioxide in the atmosphere, thus contributing to ...",
    "key_points": [
      "Plant Photosynthesis Photosynthesis is a fundamental process that allows plants to convert light energy, usually...",
      "This process occurs mainly in the chloroplasts of plant cells, specifically in the green pigment...",
      "The main function of these reactions is to capture light energy and convert it into...",
      "Key steps involved: \u2022 Absorption of light energy: o Light energy is absorbed by chlorophyll...",
      "The products of the light-dependent reactions (ATP and NADPH) are essential for driving the second..."
    ],
    "difficulty_level": "advanced",
    "estimated_reading_time": 2.9
  },
  "concepts": [
    {
      "name": "Source",
      "description": "Importance of Photosynthesis: \n\u2022 \nEnergy Source: Photosynthesis is the primary source of energy for nearly all life on Earth.",
      "importance": 1.0,
      "related_concepts": []
    },
    {
      "name": "Herbivores",
      "description": "Herbivores consume plants for energy, and carnivores eat herbivores, \ntransferring energy up the food chain.",
      "importance": 0.93,
      "related_concepts": []
    },
    {
      "name": "Oxygen",
      "description": "o \nTo replace the lost electrons in chlorophyll, water molecules (H\u2082O) are split into \noxygen (O\u2082), protons (H\u207a), and electrons. o \nThis process releases oxygen as a byproduct, which exits the plant a...",
      "importance": 0.87,
      "related_concepts": []
    },
    {
      "name": "Reactions",
      "description": "Photosynthesis can be divided into two major stages: the Light-dependent Reactions and the Light-\nindependent Reactions (also known as the Calvin Cycle). Light-Dependent Reactions (Photochemical Phase...",
      "importance": 0.8,
      "related_concepts": []
    },
    {
      "name": "Flow",
      "description": "o \nThe protons flow back through a protein complex called ATP synthase, which uses \nthis flow to generate ATP from ADP (adenosine diphosphate).",
      "importance": 0.73,
      "related_concepts": []
    },
    {
      "name": "Electrons",
      "description": "o \nThe energy excites electrons in the chlorophyll molecules, raising them to a higher \nenergy state. \u2022 \nWater Splitting (Photolysis): \no \nThe excited electrons are passed through the electron transpo...",
      "importance": 0.67,
      "related_concepts": []
    },
    {
      "name": "Used",
      "description": "\u2022 \nFormation of ATP and NADPH: \no \nAs electrons move through the electron transport chain, they release energy, which \nis used to pump protons (H\u207a) across the thylakoid membrane, creating a proton \ngr...",
      "importance": 0.6,
      "related_concepts": []
    },
    {
      "name": "Carbon",
      "description": "Key steps involved: \n\u2022 \nCarbon Fixation: \no \nThe process begins when carbon dioxide (CO\u2082) from the atmosphere is incorporated \ninto an organic molecule. o \nRuBisCO combines CO\u2082 with ribulose bisphosph...",
      "importance": 0.53,
      "related_concepts": []
    },
    {
      "name": "Eventually",
      "description": "\u25aa \nThis forms high-energy molecules, which will eventually be used to form \nglucose.",
      "importance": 0.47,
      "related_concepts": []
    },
    {
      "name": "Energy",
      "description": "Plant Photosynthesis \nPhotosynthesis is a fundamental process that allows plants to convert light energy, usually from the \nsun, into chemical energy stored in glucose (a type of sugar). The main func...",
      "importance": 0.4,
      "related_concepts": []
    }
  ],
  "structure": {
    "sections": [
      {
        "title": "1. Light-Dependent Reactions (Photochemical Phase)",
        "content": "These reactions take place in the thylakoid membranes of the chloroplasts. The main function of these reactions is to capture light energy and convert it into chemical energy in the form of ATP (adenosine triphosphate) and NADPH (nicotinamide adenine dinucleotide phosphate), which are essential for the second stage of photosynthesis. Key steps involved: \u2022 Absorption of light energy: o Light energy is absorbed by chlorophyll and other pigments in the thylakoid membranes. o The energy excites electrons in the chlorophyll molecules, raising them to a higher energy state. \u2022 Water Splitting (Photolysis): o The excited electrons are passed through the electron transport chain (ETC), a series of proteins embedded in the thylakoid membrane. o To replace the lost electrons in chlorophyll, water molecules (H\u2082O) are split into oxygen (O\u2082), protons (H\u207a), and electrons. o This process releases oxygen as a byproduct, which exits the plant as a waste product (the oxygen we breathe). \u2022 Formation of ATP and NADPH: o As electrons move through the electron transport chain, they release energy, which is used to pump protons (H\u207a) across the thylakoid membrane, creating a proton gradient. o The protons flow back through a protein complex called ATP synthase, which uses this flow to generate ATP from ADP (adenosine diphosphate). o At the end of the electron transport chain, the electrons are transferred to NADP\u207a, forming NADPH. The products of the light-dependent reactions (ATP and NADPH) are essential for driving the second stage of photosynthesis.",
        "level": 1,
        "subsections": []
      },
      {
        "title": "2. Light-Independent Reactions (Calvin Cycle or Dark Reactions)",
        "content": "These reactions occur in the stroma of the chloroplast (the fluid-filled space surrounding the thylakoids). Unlike the light-dependent reactions, the Calvin cycle does not directly require light but depends on the ATP and NADPH produced in the light-dependent reactions to synthesize glucose. Key steps involved: \u2022 Carbon Fixation: o The process begins when carbon dioxide (CO\u2082) from the atmosphere is incorporated into an organic molecule. This step is facilitated by an enzyme called RuBisCO (ribulose bisphosphate carboxylase-oxygenase). o RuBisCO combines CO\u2082 with ribulose bisphosphate (RuBP), a 5-carbon sugar, forming a 6-carbon molecule that quickly breaks down into two 3-carbon molecules called 3-phosphoglycerate (3-PGA). \u2022 Reduction Phase: o ATP and NADPH generated in the light-dependent reactions are used to convert 3- PGA into glyceraldehyde-3-phosphate (G3P), a 3-carbon sugar. In this step: \u25aa ATP is used to provide energy, and NADPH is used as a reducing agent to add electrons to the molecules. \u25aa This forms high-energy molecules, which will eventually be used to form glucose. \u2022 Regeneration of RuBP: o Not all of the G3P molecules produced are used to form glucose. Some G3P molecules are recycled to regenerate RuBP, enabling the cycle to continue. o ATP is used in this process to regenerate RuBP from G3P, ensuring that the Calvin cycle can repeat. \u2022 Glucose Production: o After several cycles of the Calvin cycle, some G3P molecules are combined to form glucose (C\u2086H\u2081\u2082O\u2086) or other carbohydrates, which are essential for the plant's growth and energy storage. Summary of Photosynthesis: Photosynthesis can be summarized by the following overall chemical equation: 6CO2+6H2O+light energy\u2192C6H12O6+6O26CO_2 + 6H_2O + light\\ energy \\rightarrow C_6H_{12}O_6 + 6O_26CO2+6H2O+light energy\u2192C6H12O6+6O2 This means that six molecules of carbon dioxide and six molecules of water, in the presence of light energy, are transformed into one molecule of glucose and six molecules of oxygen. Importance of Photosynthesis: \u2022 Energy Source: Photosynthesis is the primary source of energy for nearly all life on Earth. Plants store energy in the form of glucose, which can be used for their growth and metabolism. Herbivores consume plants for energy, and carnivores eat herbivores, transferring energy up the food chain. \u2022 Oxygen Production: Oxygen, produced as a byproduct of photosynthesis, is essential for the respiration of most organisms on Earth. \u2022 Carbon Cycle Regulation: Photosynthesis plays a crucial role in regulating the levels of carbon dioxide in the atmosphere, thus contributing to the Earth\u2019s climate system.",
        "level": 1,
        "subsections": []
      }
    ],
    "narrative_flow": [
      "introduction",
      "conclusion"
    ]
  },
  "metadata": {
    "domain": "general",
    "domain_confidence": 0.6,
    "grade_level": "general",
    "detail_level": "standard",
    "language": "en",
    "source_type": "pdf",
    "analysis_version": "1.0"
  }
}