{
  "title": "Plant Photosynthesis Photosynthesis Fundamental (General)",
  "subject": "general",
  "audience": "general",
  "tone": "neutral",
  "generated_date": "2025-04-27T10:23:24.476540",
  "sections": {
    "introduction": {
      "title": "Introduction",
      "content": "Content for Introduction section about Introduction to Plant Photosynthesis Photosynthesis Fundamental (General)."
    },
    "concept_1": {
      "title": "Source",
      "content": "Content for Source section about Explanation of Source."
    },
    "concept_2": {
      "title": "Electrons",
      "content": "Content for Electrons section about Explanation of Electrons."
    },
    "concept_3": {
      "title": "Energy",
      "content": "Content for Energy section about Explanation of Energy."
    },
    "examples": {
      "title": "Examples",
      "content": "Content for Examples section about Examples relating to Plant Photosynthesis Photosynthesis Fundamental (General)."
    },
    "conclusion": {
      "title": "Conclusion",
      "content": "Content for Conclusion section about Summary and key takeaways about Plant Photosynthesis Photosynthesis Fundamental (General)."
    }
  }
}