{
  "scenes": [
    {
      "scene_id": "scene_1",
      "title": "Test Scene 1",
      "audio_spec": {
        "audio_file": "output\\audio\\scene_1_1cc75a17.mp3",
        "duration": 7.368,
        "word_timings": [
          {
            "word": "This",
            "start_time": 0.0,
            "end_time": 0.41426506024096404
          },
          {
            "word": "is",
            "start_time": 0.41426506024096404,
            "end_time": 0.7693493975903617
          },
          {
            "word": "a",
            "start_time": 0.7693493975903617,
            "end_time": 1.0948433734939764
          },
          {
            "word": "test",
            "start_time": 1.0948433734939764,
            "end_time": 1.5091084337349403
          },
          {
            "word": "of",
            "start_time": 1.5091084337349403,
            "end_time": 1.864192771084338
          },
          {
            "word": "the",
            "start_time": 1.864192771084338,
            "end_time": 2.2488674698795186
          },
          {
            "word": "TextToSpeech",
            "start_time": 2.2488674698795186,
            "end_time": 2.899855421686748
          },
          {
            "word": "generator",
            "start_time": 2.899855421686748,
            "end_time": 3.4620722891566276
          },
          {
            "word": "It",
            "start_time": 3.4620722891566276,
            "end_time": 3.817156626506025
          },
          {
            "word": "should",
            "start_time": 3.817156626506025,
            "end_time": 4.290602409638555
          },
          {
            "word": "generate",
            "start_time": 4.290602409638555,
            "end_time": 4.823228915662652
          },
          {
            "word": "an",
            "start_time": 4.823228915662652,
            "end_time": 5.178313253012049
          },
          {
            "word": "MP3",
            "start_time": 5.178313253012049,
            "end_time": 5.56298795180723
          },
          {
            "word": "file",
            "start_time": 5.56298795180723,
            "end_time": 5.977253012048194
          },
          {
            "word": "with",
            "start_time": 5.977253012048194,
            "end_time": 6.391518072289157
          },
          {
            "word": "this",
            "start_time": 6.391518072289157,
            "end_time": 6.805783132530121
          },
          {
            "word": "narration",
            "start_time": 6.805783132530121,
            "end_time": 7.368
          }
        ],
        "format": "mp3",
        "sample_rate": 22050,
        "bit_rate": 192
      }
    },
    {
      "scene_id": "scene_2",
      "title": "Test Scene 2",
      "audio_spec": {
        "audio_file": "output\\audio\\scene_2_49f008ee.mp3",
        "duration": 6.288,
        "word_timings": [
          {
            "word": "This",
            "start_time": 0.0,
            "end_time": 0.40945116279069765
          },
          {
            "word": "is",
            "start_time": 0.40945116279069765,
            "end_time": 0.7604093023255813
          },
          {
            "word": "another",
            "start_time": 0.7604093023255813,
            "end_time": 1.2575999999999998
          },
          {
            "word": "test",
            "start_time": 1.2575999999999998,
            "end_time": 1.6670511627906974
          },
          {
            "word": "scene",
            "start_time": 1.6670511627906974,
            "end_time": 2.105748837209302
          },
          {
            "word": "for",
            "start_time": 2.105748837209302,
            "end_time": 2.485953488372093
          },
          {
            "word": "the",
            "start_time": 2.485953488372093,
            "end_time": 2.8661581395348836
          },
          {
            "word": "speech",
            "start_time": 2.8661581395348836,
            "end_time": 3.3341023255813953
          },
          {
            "word": "generator",
            "start_time": 3.3341023255813953,
            "end_time": 3.8897860465116283
          },
          {
            "word": "Multiple",
            "start_time": 3.8897860465116283,
            "end_time": 4.416223255813954
          },
          {
            "word": "scenes",
            "start_time": 4.416223255813954,
            "end_time": 4.884167441860465
          },
          {
            "word": "should",
            "start_time": 4.884167441860465,
            "end_time": 5.352111627906977
          },
          {
            "word": "work",
            "start_time": 5.352111627906977,
            "end_time": 5.761562790697674
          },
          {
            "word": "properly",
            "start_time": 5.761562790697674,
            "end_time": 6.288
          }
        ],
        "format": "mp3",
        "sample_rate": 22050,
        "bit_rate": 192
      }
    }
  ],
  "metadata": {
    "voice_id": "professional",
    "language_code": "en-US",
    "voice_speed": 1.0,
    "pitch": 0,
    "total_duration": 13.656,
    "word_count": 31
  }
}