[
  {
    "question": "What is the number that Antonio claims is greater than any man in all Venice?",
    "answer": "5",
    "difficulty": "Easy",
    "metadata": [
      {
        "source": "input.pdf",
        "page": 4
      }
    ]
  },
  {
    "question": "Explain why Antonio thinks 5 is greater than any other number.",
    "answer": "Antonio believes that the reasons for this are as two grains of wheat hidden in two bushels of chaff, making them difficult to find and not worth the search.",
    "difficulty": "Medium",
    "metadata": [
      {
        "source": "input.pdf",
        "page": 4
      }
    ]
  },
  {
    "question": "How does Antonio's reasoning about 5 being greater than any other number relate to his own life?",
    "answer": "Antonio's reasoning is a metaphor for how he has disabled his estate by showing a more swelling port, but in reality, it is not well unless in mind.",
    "difficulty": "Medium",
    "metadata": [
      {
        "source": "input.pdf",
        "page": 4
      }
    ]
  },
  {
    "question": "What are the implications of Antonio's reasoning about 5 being greater than any other number on his own life and relationships?",
    "answer": "Antonio's reasoning suggests that he is struggling with his own priorities and values, which may be affecting his relationships and decisions.",
    "difficulty": "Hard",
    "metadata": [
      {
        "source": "input.pdf",
        "page": 4
      }
    ]
  },
  {
    "question": "What does the number 5 represent in the context of Antonio's conversation with Bassanio?",
    "answer": "The number 5 represents a specific reason or justification that Antonio believes is greater than any other, but he struggles to articulate it.",
    "difficulty": "Easy",
    "metadata": [
      {
        "source": "input.pdf",
        "page": 4
      }
    ]
  }
]